,lapgyn4_anatomical_structures,lapgyn4_surgical_actions,lapgyn4_instrument_count,lapgyn4_anatomical_actions,laryngeal_tissues,nerthus_bowel_cleansing_quality,svhn,cifar10_object_classification,mnist_digit_classification,hyperkvasir_anatomical-landmarks,hyperkvasir_pathological-findings,hyperkvasir_quality-of-mucosal-views,hyperkvasir_therapeutic-interventions,cholec80_grasper_presence,cholec80_bipolar_presence,cholec80_hook_presence,cholec80_scissors_presence,cholec80_clipper_presence,cholec80_irrigator_presence,cholec80_specimenbag_presence
0,0.9056172966957092,0.7059899568557739,0.7193597555160522,0.8555935621261597,0.9924242496490479,0.9965740442276001,0.5972239971160889,0.7552000284194946,0.9683057069778442,0.826187252998352,0.3923412263393402,0.9563565254211426,0.9348710775375366,0.8400439023971558,0.7166450023651123,0.9078457951545715,0.5849336981773376,0.6443231701850891,0.6613578796386719,0.7850192785263062
1,0.8890401721000671,0.6912984848022461,0.7042374014854431,0.8608274459838867,0.9924242496490479,0.9965740442276001,0.5972239971160889,0.7601000070571899,0.9599783420562744,0.8288030624389648,0.4118897020816803,0.957805871963501,0.9272576570510864,0.8400439023971558,0.7193174362182617,0.9077968597412109,0.5849336981773376,0.6443231701850891,0.662629246711731,0.7849305868148804
2,0.9056172966957092,0.7059899568557739,0.7088494300842285,0.8608274459838867,0.9734848737716675,0.9965740442276001,0.5972239971160889,0.7552000284194946,0.9683057069778442,0.826187252998352,0.4118897020816803,0.957805871963501,0.9272576570510864,0.8400988578796387,0.7166450023651123,0.9121307134628296,0.5864630937576294,0.6427367329597473,0.6632503271102905,0.7822555303573608
