,lapgyn4_anatomical_structures,lapgyn4_surgical_actions,lapgyn4_instrument_count,lapgyn4_anatomical_actions,laryngeal_tissues,nerthus_bowel_cleansing_quality,svhn,cifar10_object_classification,mnist_digit_classification,hyperkvasir_anatomical-landmarks,hyperkvasir_pathological-findings,hyperkvasir_quality-of-mucosal-views,hyperkvasir_therapeutic-interventions,cholec80_grasper_presence,cholec80_bipolar_presence,cholec80_hook_presence,cholec80_scissors_presence,cholec80_clipper_presence,cholec80_irrigator_presence,cholec80_specimenbag_presence
0,0.9906682968139648,0.9533405303955078,0.9047423601150513,0.9600824117660522,0.9992921352386475,0.9999980330467224,0.9016309976577759,0.9574735760688782,0.9990696310997009,0.9798815250396729,0.8778025507926941,0.991430938243866,0.9746469259262085,0.9126918315887451,0.9027896523475647,0.9619685411453247,0.7550846338272095,0.8111050128936768,0.8380961418151855,0.9347131848335266
1,0.9917537569999695,0.9417047500610352,0.8905148506164551,0.9580366611480713,0.9994834661483765,0.9999980330467224,0.9016309976577759,0.9607101678848267,0.9984201788902283,0.9833290576934814,0.889917254447937,0.9946581721305847,0.97418212890625,0.9126918315887451,0.9024462699890137,0.9619687795639038,0.7551003694534302,0.8111050128936768,0.8353273868560791,0.935813844203949
2,0.9906613230705261,0.9533402919769287,0.8971584439277649,0.9580366611480713,0.9995026588439941,0.9999980330467224,0.9016309976577759,0.9574735760688782,0.9990696310997009,0.9798815250396729,0.8899399638175964,0.9946581721305847,0.97418212890625,0.9111546277999878,0.9027938842773438,0.9653113484382629,0.7613991498947144,0.8087438941001892,0.838920533657074,0.9336410760879517
